store_id,region,daily_sales,daily_cost,u_r
1,East,"{""[1157,1220)"",""[1176,1243)""}","{""[300,363)"",""[319,386)""}",1
1,East,"{""[1542,1563)"",""[1828,1875)""}","{""[409,430)"",""[695,742)""}",2
1,East,"{""[954,1009)"",""[1199,1257)""}","{""[205,260)"",""[450,508)""}",3
1,East,"{""[1039,1107)"",""[1148,1196)"",""[1337,1374)""}","{""[228,296)"",""[337,385)"",""[526,563)""}",4
1,East,"{""[1664,1697)"",""[1759,1796)"",""[1975,2016)""}","{""[493,526)"",""[588,625)"",""[804,845)""}",5
1,East,"{""[997,1039)"",""[1083,1154)"",""[1124,1182)""}","{""[244,286)"",""[330,401)"",""[371,429)""}",6
1,East,"{""[1088,1113)"",""[1169,1196)"",""[1177,1215)""}","{""[369,394)"",""[450,477)"",""[458,496)""}",7
1,East,"{""[1630,1692)"",""[1902,1934)"",""[1967,1991)""}","{""[444,506)"",""[716,748)"",""[781,805)""}",8
1,East,"{""[1102,1176)"",""[1113,1157)"",""[1181,1256)""}","{""[274,348)"",""[285,329)"",""[353,428)""}",9
1,East,"{""[1190,1233)"",""[1288,1321)"",""[1450,1487)""}","{""[332,375)"",""[430,463)"",""[592,629)""}",10
2,East,"{""[1141,1171)"",""[1289,1355)""}","{""[745,775)"",""[893,959)""}",11
2,East,"{""[1684,1718)"",""[1726,1790)"",""[1749,1789)""}","{""[1164,1198)"",""[1206,1270)"",""[1229,1269)""}",12
2,East,"{""[1789,1860)"",""[1890,1962)""}","{""[1147,1218)"",""[1248,1320)""}",13
2,East,"{""[1288,1321)"",""[1545,1621)"",""[1622,1662)""}","{""[814,847)"",""[1071,1147)"",""[1148,1188)""}",14
2,East,"{""[1227,1263)"",""[1356,1432)"",""[1483,1532)""}","{""[786,822)"",""[915,991)"",""[1042,1091)""}",15
2,East,"{""[1302,1379)"",""[1381,1426)"",""[1465,1522)""}","{""[884,961)"",""[963,1008)"",""[1047,1104)""}",16
2,East,"{""[1347,1415)"",""[1561,1612)""}","{""[858,926)"",""[1072,1123)""}",17
2,East,"{""[1070,1130)"",""[1073,1143)""}","{""[682,742)"",""[685,755)""}",18
2,East,"{""[1811,1855)"",""[1919,1968)""}","{""[1220,1264)"",""[1328,1377)""}",19
2,East,"{""[1523,1586)"",""[1813,1879)""}","{""[981,1044)"",""[1271,1337)""}",20
3,East,"{""[704,2113)""}","{""[422,1267)""}",21
3,East,"{""[624,1873)""}","{""[374,1123)""}",22
3,East,"{""[826,2479)"",""[2596,2638)""}","{""[495,1487)""}",23
3,East,"{""[751,2255)"",""[2332,2382)""}","{""[450,1352)""}",24
3,East,"{""[570,1712)"",""[1917,1939)""}","{""[342,1027)""}",25
3,East,"{""[514,1543)"",""[1731,1774)""}","{""[308,925)""}",26
3,East,"{""[812,2438)"",""[2613,2624)""}","{""[487,1462)""}",27
3,East,"{""[498,1495)""}","{""[298,896)""}",28
3,East,"{""[838,2516)"",""[2627,2640)""}","{""[502,1508)""}",29
3,East,"{""[548,1646)"",""[1716,1731)""}","{""[328,986)""}",30
4,East,"{""[2184,2185)""}","{""[1079,1080)""}",31
4,East,"{""[1731,1732)""}","{""[855,856)""}",32
4,East,"{""[1316,1317)""}","{""[650,651)""}",33
4,East,"{""[1860,1861)""}","{""[919,920)""}",34
4,East,"{""[2153,2154)""}","{""[1063,1064)""}",35
4,East,"{""[1356,1357)""}","{""[670,671)""}",36
4,East,"{""[1726,1727)""}","{""[852,853)""}",37
4,East,"{""[1806,1807)""}","{""[892,893)""}",38
4,East,"{""[2171,2172)""}","{""[1072,1073)""}",39
4,East,"{""[2134,2135)""}","{""[1054,1055)""}",40
5,East,"{""[1969,1970)""}","{""[1164,1165)""}",41
5,East,"{""[1640,1641)""}","{""[970,971)""}",42
5,East,"{""[1925,1926)""}","{""[1139,1140)""}",43
5,East,"{""[1613,1614)""}","{""[954,955)""}",44
5,East,"{""[2164,2165)""}","{""[1280,1281)""}",45
5,East,"{""[1695,1696)""}","{""[1002,1003)""}",46
5,East,"{""[1481,1482)""}","{""[876,877)""}",47
5,East,"{""[1289,1290)""}","{""[762,763)""}",48
5,East,"{""[1244,1245)""}","{""[736,737)""}",49
5,East,"{""[1802,1803)""}","{""[1066,1067)""}",50
6,East,"{""[1580,1581)""}","{""[612,613)""}",51
6,East,"{""[1033,1034)""}","{""[400,401)""}",52
6,East,"{""[1040,1041)""}","{""[403,404)""}",53
6,East,"{""[1009,1010)""}","{""[391,392)""}",54
6,East,"{""[1262,1263)""}","{""[489,490)""}",55
6,East,"{""[1416,1417)""}","{""[549,550)""}",56
6,East,"{""[1218,1219)""}","{""[472,473)""}",57
6,East,"{""[1392,1393)""}","{""[540,541)""}",58
6,East,"{""[1438,1439)""}","{""[557,558)""}",59
6,East,"{""[1593,1594)""}","{""[618,619)""}",60
7,East,"{""[1602,1603)""}","{""[849,850)""}",61
7,East,"{""[1621,1622)""}","{""[859,860)""}",62
7,East,"{""[1114,1115)""}","{""[591,592)""}",63
7,East,"{""[1037,1038)""}","{""[550,551)""}",64
7,East,"{""[1312,1313)""}","{""[695,696)""}",65
7,East,"{""[1306,1307)""}","{""[692,693)""}",66
7,East,"{""[1341,1342)""}","{""[711,712)""}",67
7,East,"{""[1557,1558)""}","{""[825,826)""}",68
7,East,"{""[1511,1512)""}","{""[801,802)""}",69
7,East,"{""[1766,1767)""}","{""[936,937)""}",70
8,East,"{""[259,313)"",""[289,321)""}","{""[14,68)"",""[44,76)""}",71
8,East,"{""[226,274)"",""[281,318)"",""[424,459)""}","{""[0,11)"",""[18,55)"",""[161,196)""}",72
8,East,"{""[300,361)"",""[551,624)""}","{""[0,40)"",""[230,303)""}",73
8,East,"{""[205,235)"",""[469,543)""}","{""[13,43)"",""[277,351)""}",74
8,East,"{""[208,238)"",""[287,362)"",""[383,460)""}","{""[0,1)"",""[31,106)"",""[127,204)""}",75
8,East,"{""[306,385)"",""[387,451)"",""[403,441)""}","{""[55,134)"",""[136,200)"",""[152,190)""}",76
8,East,"{""[340,397)"",""[390,422)"",""[462,495)""}","{""[0,51)"",""[44,76)"",""[116,149)""}",77
8,East,"{""[286,309)"",""[639,679)""}","{""[0,1)"",""[330,370)""}",78
8,East,"{""[250,302)"",""[262,336)""}","{""[0,17)"",""[0,51)""}",79
8,East,"{""[245,290)"",""[470,545)""}","{""[25,70)"",""[250,325)""}",80
9,East,"{""[339,415)""}","{""[229,281)""}",81
9,East,"{""[423,518)""}","{""[286,350)""}",82
9,East,"{""[428,524)""}","{""[289,355)""}",83
9,East,"{""[380,466)""}","{""[257,315)""}",84
9,East,"{""[420,514)""}","{""[284,348)""}",85
9,East,"{""[405,497)""}","{""[274,336)""}",86
9,East,"{""[504,618)""}","{""[341,417)""}",87
9,East,"{""[329,403)""}","{""[222,272)""}",88
9,East,"{""[451,553)""}","{""[306,375)""}",89
9,East,"{""[337,413)""}","{""[227,279)""}",90
10,East,"{""[725,745)"",""[922,981)"",""[1072,1151)""}","{""[149,169)"",""[346,405)"",""[496,575)""}",91
10,East,"{""[1149,1203)"",""[1221,1273)""}","{""[298,352)"",""[370,422)""}",92
10,East,"{""[702,778)"",""[792,835)"",""[812,842)""}","{""[139,215)"",""[229,272)"",""[249,279)""}",93
10,East,"{""[776,838)"",""[1085,1156)"",""[1106,1159)""}","{""[145,207)"",""[454,525)"",""[475,528)""}",94
10,East,"{""[1061,1137)"",""[1070,1106)"",""[1341,1367)""}","{""[281,357)"",""[290,326)"",""[561,587)""}",95
10,East,"{""[710,748)"",""[880,913)""}","{""[210,248)"",""[380,413)""}",96
10,East,"{""[1076,1128)"",""[1292,1352)""}","{""[336,388)"",""[552,612)""}",97
10,East,"{""[850,910)"",""[1019,1092)""}","{""[199,259)"",""[368,441)""}",98
10,East,"{""[740,800)"",""[844,913)""}","{""[173,233)"",""[277,346)""}",99
10,East,"{""[1382,1447)"",""[1479,1527)""}","{""[539,604)"",""[636,684)""}",100
11,East,"{""[801,802)""}","{""[419,420)""}",101
11,East,"{""[1322,1323)""}","{""[692,693)""}",102
11,East,"{""[1335,1336)""}","{""[699,700)""}",103
11,East,"{""[1104,1105)""}","{""[578,579)""}",104
11,East,"{""[1290,1291)""}","{""[676,677)""}",105
11,East,"{""[1128,1129)""}","{""[590,591)""}",106
11,East,"{""[848,849)""}","{""[444,445)""}",107
11,East,"{""[834,835)""}","{""[437,438)""}",108
11,East,"{""[951,952)""}","{""[498,499)""}",109
11,East,"{""[1332,1333)""}","{""[697,698)""}",110
12,East,"{""[2268,2269)""}","{""[1561,1562)""}",111
12,East,"{""[1511,1512)""}","{""[1040,1041)""}",112
12,East,"{""[1554,1555)""}","{""[1070,1071)""}",113
12,East,"{""[1393,1394)""}","{""[959,960)""}",114
12,East,"{""[2137,2138)""}","{""[1471,1472)""}",115
12,East,"{""[2251,2252)""}","{""[1550,1551)""}",116
12,East,"{""[1727,1728)""}","{""[1189,1190)""}",117
12,East,"{""[1962,1963)""}","{""[1351,1352)""}",118
12,East,"{""[1450,1451)""}","{""[998,999)""}",119
12,East,"{""[2302,2303)""}","{""[1584,1585)""}",120
13,East,"{""[1168,3506)"",""[3562,3583)""}","{""[426,1280)""}",121
13,East,"{""[1124,3374)""}","{""[410,1232)""}",122
13,East,"{""[1239,3719)"",""[3990,4015)""}","{""[452,1357)""}",123
13,East,"{""[847,2542)"",""[2619,2653)""}","{""[309,928)""}",124
13,East,"{""[1204,3614)"",""[3720,3742)""}","{""[439,1319)""}",125
13,East,"{""[1172,3517)""}","{""[427,1283)""}",126
13,East,"{""[869,2609)"",""[2717,2741)""}","{""[317,952)""}",127
13,East,"{""[703,2110)""}","{""[256,770)""}",128
13,East,"{""[883,2651)"",""[2948,2975)""}","{""[322,967)""}",129
13,East,"{""[897,2692)"",""[2915,2959)""}","{""[327,982)""}",130
14,East,"{""[1076,1077)""}","{""[727,728)""}",131
14,East,"{""[752,753)""}","{""[508,509)""}",132
14,East,"{""[920,921)""}","{""[621,622)""}",133
14,East,"{""[1132,1133)""}","{""[765,766)""}",134
14,East,"{""[634,635)""}","{""[428,429)""}",135
14,East,"{""[928,929)""}","{""[627,628)""}",136
14,East,"{""[796,797)""}","{""[538,539)""}",137
14,East,"{""[1028,1029)""}","{""[694,695)""}",138
14,East,"{""[844,845)""}","{""[570,571)""}",139
14,East,"{""[1133,1134)""}","{""[765,766)""}",140
15,East,"{""[318,390)""}","{""[144,177)""}",141
15,East,"{""[284,348)""}","{""[128,158)""}",142
15,East,"{""[377,461)""}","{""[170,208)""}",143
15,East,"{""[396,486)""}","{""[179,219)""}",144
15,East,"{""[464,568)""}","{""[209,257)""}",145
15,East,"{""[435,533)""}","{""[197,241)""}",146
15,East,"{""[495,607)""}","{""[224,274)""}",147
15,East,"{""[448,548)""}","{""[202,248)""}",148
15,East,"{""[320,392)""}","{""[144,178)""}",149
15,East,"{""[376,460)""}","{""[169,207)""}",150
16,East,"{""[1246,1524)""}","{""[832,1018)""}",151
16,East,"{""[1696,2074)""}","{""[1133,1385)""}",152
16,East,"{""[1588,1942)""}","{""[1061,1297)""}",153
16,East,"{""[1235,1511)""}","{""[825,1009)""}",154
16,East,"{""[1242,1520)""}","{""[829,1015)""}",155
16,East,"{""[1326,1622)""}","{""[885,1083)""}",156
16,East,"{""[1321,1615)""}","{""[882,1079)""}",157
16,East,"{""[1231,1505)""}","{""[822,1006)""}",158
16,East,"{""[1089,1333)""}","{""[727,889)""}",159
16,East,"{""[1336,1634)""}","{""[892,1092)""}",160
17,East,"{""[1043,1044)""}","{""[595,596)""}",161
17,East,"{""[859,860)""}","{""[490,491)""}",162
17,East,"{""[1004,1005)""}","{""[573,574)""}",163
17,East,"{""[683,684)""}","{""[390,391)""}",164
17,East,"{""[851,852)""}","{""[485,486)""}",165
17,East,"{""[934,935)""}","{""[533,534)""}",166
17,East,"{""[1022,1023)""}","{""[583,584)""}",167
17,East,"{""[1066,1067)""}","{""[608,609)""}",168
17,East,"{""[955,956)""}","{""[545,546)""}",169
17,East,"{""[942,943)""}","{""[537,538)""}",170
18,East,"{""[395,1186)"",""[1279,1294)""}","{""[199,598)""}",171
18,East,"{""[277,832)"",""[1040,1071)""}","{""[139,419)""}",172
18,East,"{""[240,722)"",""[832,861)""}","{""[121,364)""}",173
18,East,"{""[265,797)""}","{""[133,401)""}",174
18,East,"{""[227,683)""}","{""[114,344)""}",175
18,East,"{""[313,941)"",""[1009,1048)""}","{""[158,475)""}",176
18,East,"{""[302,907)"",""[1006,1040)""}","{""[152,457)""}",177
18,East,"{""[317,952)""}","{""[159,479)""}",178
18,East,"{""[348,1045)""}","{""[175,527)""}",179
18,East,"{""[366,1099)"",""[1176,1213)""}","{""[184,554)""}",180
19,East,"{""[516,565)"",""[739,774)""}","{""[103,152)"",""[326,361)""}",181
19,East,"{""[467,547)"",""[591,649)"",""[646,699)""}","{""[148,228)"",""[272,330)"",""[327,380)""}",182
19,East,"{""[805,852)"",""[860,932)"",""[915,992)""}","{""[333,380)"",""[388,460)"",""[443,520)""}",183
19,East,"{""[657,724)"",""[708,776)"",""[819,867)""}","{""[167,234)"",""[218,286)"",""[329,377)""}",184
19,East,"{""[615,666)"",""[669,704)"",""[741,810)""}","{""[268,319)"",""[322,357)"",""[394,463)""}",185
19,East,"{""[480,517)"",""[725,763)""}","{""[126,163)"",""[371,409)""}",186
19,East,"{""[454,483)"",""[502,546)""}","{""[85,114)"",""[133,177)""}",187
19,East,"{""[555,601)"",""[731,772)""}","{""[98,144)"",""[274,315)""}",188
19,East,"{""[495,528)"",""[679,723)"",""[858,915)""}","{""[76,109)"",""[260,304)"",""[439,496)""}",189
19,East,"{""[815,865)"",""[1012,1068)""}","{""[296,346)"",""[493,549)""}",190
20,East,"{""[244,245)""}","{""[164,165)""}",191
20,East,"{""[256,257)""}","{""[173,174)""}",192
20,East,"{""[269,270)""}","{""[181,182)""}",193
20,East,"{""[201,202)""}","{""[136,137)""}",194
20,East,"{""[243,244)""}","{""[164,165)""}",195
20,East,"{""[217,218)""}","{""[146,147)""}",196
20,East,"{""[225,226)""}","{""[151,152)""}",197
20,East,"{""[176,177)""}","{""[119,120)""}",198
20,East,"{""[176,177)""}","{""[118,119)""}",199
20,East,"{""[203,204)""}","{""[137,138)""}",200
21,West,"{""[151,210)"",""[325,403)"",""[456,486)""}","{""[0,53)"",""[168,246)"",""[299,329)""}",201
21,West,"{""[106,167)"",""[367,423)"",""[403,424)""}","{""[0,22)"",""[222,278)"",""[258,279)""}",202
21,West,"{""[140,163)"",""[180,224)"",""[214,247)""}","{""[4,27)"",""[44,88)"",""[78,111)""}",203
21,West,"{""[245,282)"",""[436,516)"",""[440,516)""}","{""[107,144)"",""[298,378)"",""[302,378)""}",204
21,West,"{""[119,186)"",""[151,201)"",""[386,409)""}","{""[0,16)"",""[0,31)"",""[216,239)""}",205
21,West,"{""[171,240)"",""[250,311)"",""[469,491)""}","{""[0,56)"",""[66,127)"",""[285,307)""}",206
21,West,"{""[108,167)"",""[200,273)""}","{""[0,3)"",""[36,109)""}",207
21,West,"{""[62,118)"",""[246,308)""}","{""[0,6)"",""[134,196)""}",208
21,West,"{""[213,271)"",""[486,522)"",""[520,563)""}","{""[33,91)"",""[306,342)"",""[340,383)""}",209
21,West,"{""[158,197)"",""[473,545)""}","{""[7,46)"",""[322,394)""}",210
22,West,"{""[440,441)""}","{""[233,234)""}",211
22,West,"{""[524,525)""}","{""[277,278)""}",212
22,West,"{""[389,390)""}","{""[206,207)""}",213
22,West,"{""[532,533)""}","{""[282,283)""}",214
22,West,"{""[344,345)""}","{""[182,183)""}",215
22,West,"{""[444,445)""}","{""[235,236)""}",216
22,West,"{""[504,505)""}","{""[267,268)""}",217
22,West,"{""[356,357)""}","{""[188,189)""}",218
22,West,"{""[470,471)""}","{""[249,250)""}",219
22,West,"{""[370,371)""}","{""[196,197)""}",220
23,West,"{""[1885,1886)""}","{""[1017,1018)""}",221
23,West,"{""[1664,1665)""}","{""[898,899)""}",222
23,West,"{""[1160,1161)""}","{""[626,627)""}",223
23,West,"{""[1632,1633)""}","{""[880,881)""}",224
23,West,"{""[1756,1757)""}","{""[947,948)""}",225
23,West,"{""[1186,1187)""}","{""[640,641)""}",226
23,West,"{""[1742,1743)""}","{""[940,941)""}",227
23,West,"{""[1132,1133)""}","{""[611,612)""}",228
23,West,"{""[1524,1525)""}","{""[822,823)""}",229
23,West,"{""[1591,1592)""}","{""[858,859)""}",230
24,West,"{""[1364,1395)"",""[1504,1533)"",""[1517,1570)""}","{""[939,970)"",""[1079,1108)"",""[1092,1145)""}",231
24,West,"{""[1437,1486)"",""[1465,1534)"",""[1505,1576)""}","{""[997,1046)"",""[1025,1094)"",""[1065,1136)""}",232
24,West,"{""[888,925)"",""[969,1042)"",""[1009,1083)""}","{""[558,595)"",""[639,712)"",""[679,753)""}",233
24,West,"{""[1426,1485)"",""[1519,1568)""}","{""[1004,1063)"",""[1097,1146)""}",234
24,West,"{""[1010,1061)"",""[1162,1193)"",""[1245,1278)""}","{""[631,682)"",""[783,814)"",""[866,899)""}",235
24,West,"{""[933,988)"",""[966,1003)"",""[1097,1161)""}","{""[619,674)"",""[652,689)"",""[783,847)""}",236
24,West,"{""[610,645)"",""[935,981)""}","{""[367,402)"",""[692,738)""}",237
24,West,"{""[1209,1274)"",""[1232,1282)""}","{""[867,932)"",""[890,940)""}",238
24,West,"{""[928,966)"",""[994,1039)""}","{""[585,623)"",""[651,696)""}",239
24,West,"{""[1200,1250)"",""[1295,1348)"",""[1351,1408)""}","{""[816,866)"",""[911,964)"",""[967,1024)""}",240
25,West,"{""[859,893)"",""[869,908)"",""[1090,1139)""}","{""[365,399)"",""[375,414)"",""[596,645)""}",241
25,West,"{""[659,686)"",""[878,932)""}","{""[289,316)"",""[508,562)""}",242
25,West,"{""[1046,1079)"",""[1326,1376)""}","{""[437,470)"",""[717,767)""}",243
25,West,"{""[633,706)"",""[681,719)"",""[698,741)""}","{""[219,292)"",""[267,305)"",""[284,327)""}",244
25,West,"{""[594,631)"",""[892,946)""}","{""[207,244)"",""[505,559)""}",245
25,West,"{""[740,778)"",""[814,894)""}","{""[392,430)"",""[466,546)""}",246
25,West,"{""[507,563)"",""[553,628)"",""[646,696)""}","{""[135,191)"",""[181,256)"",""[274,324)""}",247
25,West,"{""[786,809)"",""[821,901)"",""[936,963)""}","{""[313,336)"",""[348,428)"",""[463,490)""}",248
25,West,"{""[1129,1153)"",""[1173,1233)"",""[1229,1252)""}","{""[558,582)"",""[602,662)"",""[658,681)""}",249
25,West,"{""[558,593)"",""[575,630)"",""[906,952)""}","{""[179,214)"",""[196,251)"",""[527,573)""}",250
26,West,"{""[1082,1324)""}","{""[582,712)""}",251
26,West,"{""[1314,1607)""}","{""[706,864)""}",252
26,West,"{""[1258,1538)""}","{""[675,827)""}",253
26,West,"{""[1251,1531)""}","{""[673,823)""}",254
26,West,"{""[1576,1928)""}","{""[847,1037)""}",255
26,West,"{""[1677,2051)""}","{""[901,1103)""}",256
26,West,"{""[1144,1400)""}","{""[615,753)""}",257
26,West,"{""[1390,1700)""}","{""[747,915)""}",258
26,West,"{""[1381,1689)""}","{""[742,908)""}",259
26,West,"{""[1483,1813)""}","{""[797,975)""}",260
27,West,"{""[1513,1514)""}","{""[579,580)""}",261
27,West,"{""[1319,1320)""}","{""[505,506)""}",262
27,West,"{""[1486,1487)""}","{""[569,570)""}",263
27,West,"{""[1816,1817)""}","{""[696,697)""}",264
27,West,"{""[1398,1399)""}","{""[535,536)""}",265
27,West,"{""[1665,1666)""}","{""[637,638)""}",266
27,West,"{""[1962,1963)""}","{""[751,752)""}",267
27,West,"{""[1730,1731)""}","{""[662,663)""}",268
27,West,"{""[1267,1268)""}","{""[485,486)""}",269
27,West,"{""[1537,1538)""}","{""[589,590)""}",270
28,West,"{""[520,636)""}","{""[301,369)""}",271
28,West,"{""[588,720)""}","{""[341,417)""}",272
28,West,"{""[601,735)""}","{""[349,427)""}",273
28,West,"{""[823,1007)""}","{""[477,584)""}",274
28,West,"{""[738,903)""}","{""[428,524)""}",275
28,West,"{""[828,1014)""}","{""[480,588)""}",276
28,West,"{""[573,701)""}","{""[333,408)""}",277
28,West,"{""[538,658)""}","{""[312,382)""}",278
28,West,"{""[585,716)""}","{""[339,415)""}",279
28,West,"{""[552,676)""}","{""[320,392)""}",280
29,West,"{""[547,548)""}","{""[345,346)""}",281
29,West,"{""[874,875)""}","{""[551,552)""}",282
29,West,"{""[786,787)""}","{""[495,496)""}",283
29,West,"{""[888,889)""}","{""[560,561)""}",284
29,West,"{""[932,933)""}","{""[587,588)""}",285
29,West,"{""[716,717)""}","{""[451,452)""}",286
29,West,"{""[730,731)""}","{""[460,461)""}",287
29,West,"{""[656,657)""}","{""[413,414)""}",288
29,West,"{""[700,701)""}","{""[441,442)""}",289
29,West,"{""[642,643)""}","{""[404,405)""}",290
30,West,"{""[1381,1382)""}","{""[687,688)""}",291
30,West,"{""[1609,1610)""}","{""[800,801)""}",292
30,West,"{""[1488,1489)""}","{""[740,741)""}",293
30,West,"{""[1386,1387)""}","{""[689,690)""}",294
30,West,"{""[933,934)""}","{""[464,465)""}",295
30,West,"{""[1092,1093)""}","{""[543,544)""}",296
30,West,"{""[1441,1442)""}","{""[716,717)""}",297
30,West,"{""[1587,1588)""}","{""[789,790)""}",298
30,West,"{""[1373,1374)""}","{""[682,683)""}",299
30,West,"{""[929,930)""}","{""[462,463)""}",300
31,West,"{""[1846,1847)""}","{""[1049,1050)""}",301
31,West,"{""[2044,2045)""}","{""[1162,1163)""}",302
31,West,"{""[1421,1422)""}","{""[808,809)""}",303
31,West,"{""[1786,1787)""}","{""[1015,1016)""}",304
31,West,"{""[1704,1705)""}","{""[969,970)""}",305
31,West,"{""[1530,1531)""}","{""[870,871)""}",306
31,West,"{""[2292,2293)""}","{""[1303,1304)""}",307
31,West,"{""[1698,1699)""}","{""[965,966)""}",308
31,West,"{""[2098,2099)""}","{""[1193,1194)""}",309
31,West,"{""[2263,2264)""}","{""[1286,1287)""}",310
32,West,"{""[1037,1038)""}","{""[455,456)""}",311
32,West,"{""[886,887)""}","{""[389,390)""}",312
32,West,"{""[925,926)""}","{""[406,407)""}",313
32,West,"{""[1100,1101)""}","{""[482,483)""}",314
32,West,"{""[1158,1159)""}","{""[508,509)""}",315
32,West,"{""[1275,1276)""}","{""[559,560)""}",316
32,West,"{""[1092,1093)""}","{""[479,480)""}",317
32,West,"{""[1343,1344)""}","{""[589,590)""}",318
32,West,"{""[838,839)""}","{""[368,369)""}",319
32,West,"{""[874,875)""}","{""[383,384)""}",320
33,West,"{""[337,1012)"",""[1062,1106)""}","{""[144,434)""}",321
33,West,"{""[349,1049)""}","{""[149,449)""}",322
33,West,"{""[361,1085)"",""[1262,1312)""}","{""[155,466)""}",323
33,West,"{""[345,1037)""}","{""[148,445)""}",324
33,West,"{""[307,923)""}","{""[132,397)""}",325
33,West,"{""[312,937)"",""[1111,1128)""}","{""[133,401)""}",326
33,West,"{""[256,770)"",""[1024,1049)""}","{""[110,331)""}",327
33,West,"{""[403,1210)""}","{""[172,518)""}",328
33,West,"{""[253,761)""}","{""[108,326)""}",329
33,West,"{""[298,896)"",""[975,1014)""}","{""[128,385)""}",330
34,West,"{""[439,440)""}","{""[244,245)""}",331
34,West,"{""[497,498)""}","{""[276,277)""}",332
34,West,"{""[442,443)""}","{""[246,247)""}",333
34,West,"{""[380,381)""}","{""[211,212)""}",334
34,West,"{""[528,529)""}","{""[294,295)""}",335
34,West,"{""[566,567)""}","{""[315,316)""}",336
34,West,"{""[372,373)""}","{""[207,208)""}",337
34,West,"{""[453,454)""}","{""[252,253)""}",338
34,West,"{""[409,410)""}","{""[227,228)""}",339
34,West,"{""[551,552)""}","{""[307,308)""}",340
35,West,"{""[1510,1511)""}","{""[904,905)""}",341
35,West,"{""[1073,1074)""}","{""[642,643)""}",342
35,West,"{""[1455,1456)""}","{""[871,872)""}",343
35,West,"{""[1176,1177)""}","{""[704,705)""}",344
35,West,"{""[1563,1564)""}","{""[935,936)""}",345
35,West,"{""[1245,1246)""}","{""[745,746)""}",346
35,West,"{""[1478,1479)""}","{""[884,885)""}",347
35,West,"{""[1078,1079)""}","{""[645,646)""}",348
35,West,"{""[1090,1091)""}","{""[652,653)""}",349
35,West,"{""[1304,1305)""}","{""[780,781)""}",350
36,West,"{""[1501,1502)""}","{""[744,745)""}",351
36,West,"{""[1536,1537)""}","{""[761,762)""}",352
36,West,"{""[1395,1396)""}","{""[691,692)""}",353
36,West,"{""[1795,1796)""}","{""[890,891)""}",354
36,West,"{""[1436,1437)""}","{""[712,713)""}",355
36,West,"{""[1953,1954)""}","{""[968,969)""}",356
36,West,"{""[1894,1895)""}","{""[939,940)""}",357
36,West,"{""[1998,1999)""}","{""[990,991)""}",358
36,West,"{""[1307,1308)""}","{""[648,649)""}",359
36,West,"{""[1442,1443)""}","{""[715,716)""}",360
37,West,"{""[1739,1740)""}","{""[1061,1062)""}",361
37,West,"{""[1921,1922)""}","{""[1171,1172)""}",362
37,West,"{""[2437,2438)""}","{""[1486,1487)""}",363
37,West,"{""[1813,1814)""}","{""[1106,1107)""}",364
37,West,"{""[2525,2526)""}","{""[1540,1541)""}",365
37,West,"{""[2295,2296)""}","{""[1399,1400)""}",366
37,West,"{""[2131,2132)""}","{""[1299,1300)""}",367
37,West,"{""[1545,1546)""}","{""[942,943)""}",368
37,West,"{""[2497,2498)""}","{""[1523,1524)""}",369
37,West,"{""[1515,1516)""}","{""[923,924)""}",370
38,West,"{""[1724,1725)""}","{""[745,746)""}",371
38,West,"{""[1357,1358)""}","{""[587,588)""}",372
38,West,"{""[1429,1430)""}","{""[618,619)""}",373
38,West,"{""[1371,1372)""}","{""[593,594)""}",374
38,West,"{""[1595,1596)""}","{""[690,691)""}",375
38,West,"{""[1331,1332)""}","{""[576,577)""}",376
38,West,"{""[1538,1539)""}","{""[665,666)""}",377
38,West,"{""[1116,1117)""}","{""[482,483)""}",378
38,West,"{""[1382,1383)""}","{""[597,598)""}",379
38,West,"{""[1804,1805)""}","{""[780,781)""}",380
39,West,"{""[875,1071)""}","{""[480,588)""}",381
39,West,"{""[972,1190)""}","{""[533,653)""}",382
39,West,"{""[972,1190)""}","{""[533,653)""}",383
39,West,"{""[976,1194)""}","{""[535,655)""}",384
39,West,"{""[745,911)""}","{""[408,500)""}",385
39,West,"{""[714,874)""}","{""[392,480)""}",386
39,West,"{""[909,1112)""}","{""[498,610)""}",387
39,West,"{""[927,1135)""}","{""[509,623)""}",388
39,West,"{""[982,1202)""}","{""[539,659)""}",389
39,West,"{""[579,709)""}","{""[317,389)""}",390
40,West,"{""[447,473)"",""[607,632)""}","{""[188,214)"",""[348,373)""}",391
40,West,"{""[420,450)"",""[548,587)""}","{""[180,210)"",""[308,347)""}",392
40,West,"{""[250,288)"",""[388,458)""}","{""[0,31)"",""[131,201)""}",393
40,West,"{""[185,220)"",""[382,428)"",""[400,463)""}","{""[0,30)"",""[192,238)"",""[210,273)""}",394
40,West,"{""[288,313)"",""[511,586)""}","{""[45,70)"",""[268,343)""}",395
40,West,"{""[370,448)"",""[414,443)""}","{""[177,255)"",""[221,250)""}",396
40,West,"{""[320,356)"",""[323,400)"",""[426,446)""}","{""[146,182)"",""[149,226)"",""[252,272)""}",397
40,West,"{""[133,181)"",""[272,329)""}","{""[0,1)"",""[92,149)""}",398
40,West,"{""[253,285)"",""[332,406)"",""[452,488)""}","{""[70,102)"",""[149,223)"",""[269,305)""}",399
40,West,"{""[295,330)"",""[424,480)"",""[436,492)""}","{""[26,61)"",""[155,211)"",""[167,223)""}",400
41,North,"{""[574,575)""}","{""[400,401)""}",401
41,North,"{""[964,965)""}","{""[672,673)""}",402
41,North,"{""[754,755)""}","{""[525,526)""}",403
41,North,"{""[567,568)""}","{""[395,396)""}",404
41,North,"{""[981,982)""}","{""[683,684)""}",405
41,North,"{""[939,940)""}","{""[654,655)""}",406
41,North,"{""[1033,1034)""}","{""[720,721)""}",407
41,North,"{""[1003,1004)""}","{""[699,700)""}",408
41,North,"{""[923,924)""}","{""[643,644)""}",409
41,North,"{""[965,966)""}","{""[673,674)""}",410
42,North,"{""[836,837)""}","{""[509,510)""}",411
42,North,"{""[716,717)""}","{""[436,437)""}",412
42,North,"{""[850,851)""}","{""[518,519)""}",413
42,North,"{""[843,844)""}","{""[513,514)""}",414
42,North,"{""[869,870)""}","{""[530,531)""}",415
42,North,"{""[890,891)""}","{""[542,543)""}",416
42,North,"{""[861,862)""}","{""[524,525)""}",417
42,North,"{""[945,946)""}","{""[576,577)""}",418
42,North,"{""[846,847)""}","{""[515,516)""}",419
42,North,"{""[976,977)""}","{""[594,595)""}",420
43,North,"{""[734,2203)"",""[2440,2458)""}","{""[231,694)""}",421
43,North,"{""[574,1723)""}","{""[180,542)""}",422
43,North,"{""[874,2624)""}","{""[275,827)""}",423
43,North,"{""[593,1780)"",""[2078,2111)""}","{""[187,562)""}",424
43,North,"{""[775,2327)"",""[2589,2609)""}","{""[244,733)""}",425
43,North,"{""[650,1951)"",""[2124,2152)""}","{""[205,616)""}",426
43,North,"{""[874,2623)""}","{""[275,827)""}",427
43,North,"{""[585,1757)"",""[1843,1867)""}","{""[184,554)""}",428
43,North,"{""[926,2779)"",""[3079,3114)""}","{""[291,875)""}",429
43,North,"{""[974,2924)"",""[3067,3082)""}","{""[307,922)""}",430
44,North,"{""[1858,1859)""}","{""[850,851)""}",431
44,North,"{""[1769,1770)""}","{""[809,810)""}",432
44,North,"{""[2007,2008)""}","{""[918,919)""}",433
44,North,"{""[2007,2008)""}","{""[918,919)""}",434
44,North,"{""[1911,1912)""}","{""[874,875)""}",435
44,North,"{""[2170,2171)""}","{""[992,993)""}",436
44,North,"{""[2299,2300)""}","{""[1051,1052)""}",437
44,North,"{""[1391,1392)""}","{""[636,637)""}",438
44,North,"{""[1528,1529)""}","{""[699,700)""}",439
44,North,"{""[1300,1301)""}","{""[594,595)""}",440
45,North,"{""[1010,1236)""}","{""[434,532)""}",441
45,North,"{""[895,1095)""}","{""[385,471)""}",442
45,North,"{""[1449,1773)""}","{""[623,763)""}",443
45,North,"{""[1512,1849)""}","{""[650,796)""}",444
45,North,"{""[1069,1307)""}","{""[460,564)""}",445
45,North,"{""[1146,1402)""}","{""[494,604)""}",446
45,North,"{""[951,1163)""}","{""[409,501)""}",447
45,North,"{""[1539,1882)""}","{""[662,810)""}",448
45,North,"{""[1071,1310)""}","{""[460,564)""}",449
45,North,"{""[1208,1478)""}","{""[520,636)""}",450
46,North,"{""[279,343)""}","{""[109,135)""}",451
46,North,"{""[348,426)""}","{""[136,168)""}",452
46,North,"{""[395,483)""}","{""[155,191)""}",453
46,North,"{""[411,503)""}","{""[161,197)""}",454
46,North,"{""[454,556)""}","{""[179,219)""}",455
46,North,"{""[341,417)""}","{""[134,164)""}",456
46,North,"{""[410,502)""}","{""[161,197)""}",457
46,North,"{""[284,348)""}","{""[111,137)""}",458
46,North,"{""[340,416)""}","{""[133,163)""}",459
46,North,"{""[272,334)""}","{""[107,131)""}",460
47,North,"{""[864,865)""}","{""[472,473)""}",461
47,North,"{""[1108,1109)""}","{""[605,606)""}",462
47,North,"{""[1161,1162)""}","{""[633,634)""}",463
47,North,"{""[1526,1527)""}","{""[833,834)""}",464
47,North,"{""[1458,1459)""}","{""[795,796)""}",465
47,North,"{""[913,914)""}","{""[498,499)""}",466
47,North,"{""[1335,1336)""}","{""[729,730)""}",467
47,North,"{""[1234,1235)""}","{""[673,674)""}",468
47,North,"{""[1546,1547)""}","{""[844,845)""}",469
47,North,"{""[1100,1101)""}","{""[600,601)""}",470
48,North,"{""[1288,1289)""}","{""[528,529)""}",471
48,North,"{""[1212,1213)""}","{""[496,497)""}",472
48,North,"{""[766,767)""}","{""[314,315)""}",473
48,North,"{""[839,840)""}","{""[344,345)""}",474
48,North,"{""[1099,1100)""}","{""[450,451)""}",475
48,North,"{""[1301,1302)""}","{""[533,534)""}",476
48,North,"{""[741,742)""}","{""[303,304)""}",477
48,North,"{""[913,914)""}","{""[374,375)""}",478
48,North,"{""[1312,1313)""}","{""[538,539)""}",479
48,North,"{""[1189,1190)""}","{""[487,488)""}",480
49,North,"{""[320,961)"",""[1219,1243)""}","{""[104,314)""}",481
49,North,"{""[278,835)""}","{""[91,274)""}",482
49,North,"{""[384,1153)""}","{""[125,377)""}",483
49,North,"{""[376,1130)""}","{""[123,370)""}",484
49,North,"{""[241,724)""}","{""[78,236)""}",485
49,North,"{""[249,748)"",""[804,822)""}","{""[81,245)""}",486
49,North,"{""[219,659)"",""[769,816)""}","{""[71,215)""}",487
49,North,"{""[277,832)""}","{""[90,272)""}",488
49,North,"{""[226,680)"",""[864,881)""}","{""[74,223)""}",489
49,North,"{""[355,1067)""}","{""[116,349)""}",490
50,North,"{""[1234,1510)""}","{""[549,672)""}",491
50,North,"{""[1617,1977)""}","{""[718,878)""}",492
50,North,"{""[2044,2500)""}","{""[908,1110)""}",493
50,North,"{""[1170,1432)""}","{""[520,636)""}",494
50,North,"{""[1887,2307)""}","{""[838,1026)""}",495
50,North,"{""[1968,2406)""}","{""[874,1070)""}",496
50,North,"{""[1634,1998)""}","{""[726,888)""}",497
50,North,"{""[1572,1922)""}","{""[698,854)""}",498
50,North,"{""[2062,2522)""}","{""[916,1120)""}",499
50,North,"{""[1188,1453)""}","{""[527,645)""}",500
51,North,"{""[1179,1443)""}","{""[753,921)""}",501
51,North,"{""[1055,1291)""}","{""[673,823)""}",502
51,North,"{""[1323,1618)""}","{""[844,1032)""}",503
51,North,"{""[790,966)""}","{""[504,617)""}",504
51,North,"{""[794,972)""}","{""[506,620)""}",505
51,North,"{""[1130,1382)""}","{""[720,882)""}",506
51,North,"{""[784,960)""}","{""[500,612)""}",507
51,North,"{""[918,1123)""}","{""[585,717)""}",508
51,North,"{""[1146,1402)""}","{""[731,895)""}",509
51,North,"{""[1092,1336)""}","{""[696,852)""}",510
52,North,"{""[792,969)""}","{""[358,438)""}",511
52,North,"{""[756,925)""}","{""[342,419)""}",512
52,North,"{""[827,1011)""}","{""[373,457)""}",513
52,North,"{""[590,722)""}","{""[266,326)""}",514
52,North,"{""[872,1066)""}","{""[394,482)""}",515
52,North,"{""[943,1153)""}","{""[425,521)""}",516
52,North,"{""[848,1038)""}","{""[383,469)""}",517
52,North,"{""[903,1105)""}","{""[408,500)""}",518
52,North,"{""[881,1077)""}","{""[397,487)""}",519
52,North,"{""[645,789)""}","{""[291,357)""}",520
53,North,"{""[913,1117)""}","{""[597,731)""}",521
53,North,"{""[982,1202)""}","{""[643,787)""}",522
53,North,"{""[960,1174)""}","{""[628,768)""}",523
53,North,"{""[765,936)""}","{""[501,613)""}",524
53,North,"{""[966,1182)""}","{""[632,774)""}",525
53,North,"{""[1111,1359)""}","{""[727,889)""}",526
53,North,"{""[935,1143)""}","{""[612,749)""}",527
53,North,"{""[800,978)""}","{""[523,641)""}",528
53,North,"{""[1268,1550)""}","{""[829,1015)""}",529
53,North,"{""[748,916)""}","{""[489,599)""}",530
54,North,"{""[1297,1587)""}","{""[432,530)""}",531
54,North,"{""[1957,2393)""}","{""[652,798)""}",532
54,North,"{""[2032,2484)""}","{""[677,829)""}",533
54,North,"{""[1770,2164)""}","{""[590,722)""}",534
54,North,"{""[1800,2202)""}","{""[600,734)""}",535
54,North,"{""[1775,2171)""}","{""[592,724)""}",536
54,North,"{""[1537,1879)""}","{""[513,628)""}",537
54,North,"{""[1323,1619)""}","{""[441,541)""}",538
54,North,"{""[1561,1909)""}","{""[521,637)""}",539
54,North,"{""[1881,2301)""}","{""[627,767)""}",540
55,North,"{""[1248,1274)"",""[1363,1415)"",""[1375,1414)""}","{""[574,600)"",""[689,741)"",""[701,740)""}",541
55,North,"{""[1291,1333)"",""[1350,1424)"",""[1520,1563)""}","{""[528,570)"",""[587,661)"",""[757,800)""}",542
55,North,"{""[1353,1427)"",""[1421,1490)"",""[1427,1461)""}","{""[644,718)"",""[712,781)"",""[718,752)""}",543
55,North,"{""[2178,2257)"",""[2203,2276)""}","{""[1080,1159)"",""[1105,1178)""}",544
55,North,"{""[1829,1866)"",""[2096,2164)""}","{""[800,837)"",""[1067,1135)""}",545
55,North,"{""[1410,1466)"",""[1429,1504)"",""[1516,1536)""}","{""[593,649)"",""[612,687)"",""[699,719)""}",546
55,North,"{""[1771,1838)"",""[2023,2044)""}","{""[762,829)"",""[1014,1035)""}",547
55,North,"{""[1302,1348)"",""[1342,1383)""}","{""[606,652)"",""[646,687)""}",548
55,North,"{""[1469,1527)"",""[1548,1588)"",""[1576,1656)""}","{""[736,794)"",""[815,855)"",""[843,923)""}",549
55,North,"{""[1182,1212)"",""[1489,1548)""}","{""[490,520)"",""[797,856)""}",550
56,North,"{""[290,291)""}","{""[165,166)""}",551
56,North,"{""[287,288)""}","{""[163,164)""}",552
56,North,"{""[320,321)""}","{""[181,182)""}",553
56,North,"{""[285,286)""}","{""[162,163)""}",554
56,North,"{""[249,250)""}","{""[141,142)""}",555
56,North,"{""[303,304)""}","{""[172,173)""}",556
56,North,"{""[273,274)""}","{""[155,156)""}",557
56,North,"{""[230,231)""}","{""[131,132)""}",558
56,North,"{""[333,334)""}","{""[189,190)""}",559
56,North,"{""[317,318)""}","{""[180,181)""}",560
57,North,"{""[1064,1065)""}","{""[603,604)""}",561
57,North,"{""[1650,1651)""}","{""[935,936)""}",562
57,North,"{""[937,938)""}","{""[531,532)""}",563
57,North,"{""[1052,1053)""}","{""[596,597)""}",564
57,North,"{""[1620,1621)""}","{""[918,919)""}",565
57,North,"{""[1484,1485)""}","{""[841,842)""}",566
57,North,"{""[1481,1482)""}","{""[839,840)""}",567
57,North,"{""[1117,1118)""}","{""[633,634)""}",568
57,North,"{""[987,988)""}","{""[559,560)""}",569
57,North,"{""[1276,1277)""}","{""[723,724)""}",570
58,North,"{""[991,1213)""}","{""[366,448)""}",571
58,North,"{""[814,996)""}","{""[301,369)""}",572
58,North,"{""[1007,1231)""}","{""[372,456)""}",573
58,North,"{""[1070,1308)""}","{""[396,485)""}",574
58,North,"{""[887,1085)""}","{""[328,402)""}",575
58,North,"{""[912,1116)""}","{""[337,413)""}",576
58,North,"{""[1113,1361)""}","{""[412,504)""}",577
58,North,"{""[935,1143)""}","{""[345,423)""}",578
58,North,"{""[948,1160)""}","{""[351,430)""}",579
58,North,"{""[726,888)""}","{""[268,328)""}",580
59,North,"{""[712,872)""}","{""[377,461)""}",581
59,North,"{""[819,1003)""}","{""[433,531)""}",582
59,North,"{""[660,808)""}","{""[349,427)""}",583
59,North,"{""[713,873)""}","{""[377,461)""}",584
59,North,"{""[968,1184)""}","{""[512,626)""}",585
59,North,"{""[607,743)""}","{""[321,393)""}",586
59,North,"{""[959,1173)""}","{""[507,621)""}",587
59,North,"{""[738,903)""}","{""[390,478)""}",588
59,North,"{""[842,1030)""}","{""[445,545)""}",589
59,North,"{""[693,849)""}","{""[367,449)""}",590
60,North,"{""[1051,1052)""}","{""[670,671)""}",591
60,North,"{""[1028,1029)""}","{""[655,656)""}",592
60,North,"{""[817,818)""}","{""[520,521)""}",593
60,North,"{""[1337,1338)""}","{""[851,852)""}",594
60,North,"{""[1255,1256)""}","{""[799,800)""}",595
60,North,"{""[911,912)""}","{""[580,581)""}",596
60,North,"{""[1277,1278)""}","{""[813,814)""}",597
60,North,"{""[815,816)""}","{""[519,520)""}",598
60,North,"{""[1181,1182)""}","{""[752,753)""}",599
60,North,"{""[1114,1115)""}","{""[709,710)""}",600
61,South,"{""[543,544)""}","{""[359,360)""}",601
61,South,"{""[761,762)""}","{""[503,504)""}",602
61,South,"{""[649,650)""}","{""[429,430)""}",603
61,South,"{""[470,471)""}","{""[311,312)""}",604
61,South,"{""[454,455)""}","{""[300,301)""}",605
61,South,"{""[509,510)""}","{""[337,338)""}",606
61,South,"{""[480,481)""}","{""[317,318)""}",607
61,South,"{""[472,473)""}","{""[312,313)""}",608
61,South,"{""[689,690)""}","{""[456,457)""}",609
61,South,"{""[444,445)""}","{""[294,295)""}",610
62,South,"{""[1848,2260)""}","{""[1017,1245)""}",611
62,South,"{""[1853,2265)""}","{""[1021,1249)""}",612
62,South,"{""[1554,1900)""}","{""[855,1047)""}",613
62,South,"{""[2011,2459)""}","{""[1107,1355)""}",614
62,South,"{""[1665,2036)""}","{""[917,1121)""}",615
62,South,"{""[1733,2119)""}","{""[954,1168)""}",616
62,South,"{""[1723,2107)""}","{""[949,1161)""}",617
62,South,"{""[1953,2389)""}","{""[1076,1316)""}",618
62,South,"{""[1726,2110)""}","{""[950,1162)""}",619
62,South,"{""[1267,1549)""}","{""[698,854)""}",620
63,South,"{""[135,174)"",""[278,330)"",""[400,423)""}","{""[0,21)"",""[125,177)"",""[247,270)""}",621
63,South,"{""[160,203)"",""[277,301)""}","{""[0,33)"",""[107,131)""}",622
63,South,"{""[427,471)"",""[482,540)""}","{""[238,282)"",""[293,351)""}",623
63,South,"{""[361,439)"",""[423,484)""}","{""[191,269)"",""[253,314)""}",624
63,South,"{""[106,154)"",""[127,198)"",""[331,360)""}","{""[0,13)"",""[0,57)"",""[190,219)""}",625
63,South,"{""[308,330)"",""[478,539)"",""[585,610)""}","{""[92,114)"",""[262,323)"",""[369,394)""}",626
63,South,"{""[168,211)"",""[311,364)"",""[354,413)""}","{""[21,64)"",""[164,217)"",""[207,266)""}",627
63,South,"{""[311,357)"",""[460,518)"",""[509,550)""}","{""[150,196)"",""[299,357)"",""[348,389)""}",628
63,South,"{""[80,121)"",""[95,150)"",""[394,438)""}","{""[0,1)"",""[0,23)"",""[267,311)""}",629
63,South,"{""[265,290)"",""[393,455)""}","{""[113,138)"",""[241,303)""}",630
64,South,"{""[626,627)""}","{""[417,418)""}",631
64,South,"{""[547,548)""}","{""[364,365)""}",632
64,South,"{""[457,458)""}","{""[304,305)""}",633
64,South,"{""[516,517)""}","{""[344,345)""}",634
64,South,"{""[617,618)""}","{""[411,412)""}",635
64,South,"{""[433,434)""}","{""[288,289)""}",636
64,South,"{""[452,453)""}","{""[301,302)""}",637
64,South,"{""[574,575)""}","{""[383,384)""}",638
64,South,"{""[580,581)""}","{""[387,388)""}",639
64,South,"{""[538,539)""}","{""[359,360)""}",640
65,South,"{""[2382,2434)"",""[2496,2558)""}","{""[1621,1673)"",""[1735,1797)""}",641
65,South,"{""[1648,1689)"",""[1697,1728)"",""[1931,1982)""}","{""[1089,1130)"",""[1138,1169)"",""[1372,1423)""}",642
65,South,"{""[1425,1449)"",""[1497,1571)""}","{""[928,952)"",""[1000,1074)""}",643
65,South,"{""[2362,2403)"",""[2416,2475)""}","{""[1647,1688)"",""[1701,1760)""}",644
65,South,"{""[1355,1385)"",""[1369,1442)"",""[1631,1700)""}","{""[880,910)"",""[894,967)"",""[1156,1225)""}",645
65,South,"{""[1860,1906)"",""[2207,2255)""}","{""[1205,1251)"",""[1552,1600)""}",646
65,South,"{""[1687,1755)"",""[1769,1828)""}","{""[1127,1195)"",""[1209,1268)""}",647
65,South,"{""[2098,2152)"",""[2101,2140)"",""[2219,2296)""}","{""[1397,1451)"",""[1400,1439)"",""[1518,1595)""}",648
65,South,"{""[2314,2383)"",""[2370,2418)"",""[2425,2505)""}","{""[1581,1650)"",""[1637,1685)"",""[1692,1772)""}",649
65,South,"{""[1550,1621)"",""[1662,1692)"",""[1705,1758)""}","{""[1020,1091)"",""[1132,1162)"",""[1175,1228)""}",650
66,South,"{""[1051,1052)""}","{""[373,374)""}",651
66,South,"{""[1421,1422)""}","{""[505,506)""}",652
66,South,"{""[1326,1327)""}","{""[471,472)""}",653
66,South,"{""[1812,1813)""}","{""[644,645)""}",654
66,South,"{""[1620,1621)""}","{""[575,576)""}",655
66,South,"{""[1451,1452)""}","{""[515,516)""}",656
66,South,"{""[1114,1115)""}","{""[395,396)""}",657
66,South,"{""[1078,1079)""}","{""[383,384)""}",658
66,South,"{""[1144,1145)""}","{""[406,407)""}",659
66,South,"{""[1394,1395)""}","{""[495,496)""}",660
67,South,"{""[849,1039)""}","{""[305,373)""}",661
67,South,"{""[1403,1715)""}","{""[503,615)""}",662
67,South,"{""[1339,1637)""}","{""[480,588)""}",663
67,South,"{""[1385,1693)""}","{""[496,608)""}",664
67,South,"{""[1416,1732)""}","{""[507,621)""}",665
67,South,"{""[1068,1306)""}","{""[383,469)""}",666
67,South,"{""[1055,1291)""}","{""[378,464)""}",667
67,South,"{""[1040,1272)""}","{""[373,457)""}",668
67,South,"{""[1048,1282)""}","{""[376,460)""}",669
67,South,"{""[842,1030)""}","{""[302,370)""}",670
68,South,"{""[793,794)""}","{""[246,247)""}",671
68,South,"{""[718,719)""}","{""[223,224)""}",672
68,South,"{""[774,775)""}","{""[240,241)""}",673
68,South,"{""[515,516)""}","{""[160,161)""}",674
68,South,"{""[574,575)""}","{""[178,179)""}",675
68,South,"{""[789,790)""}","{""[245,246)""}",676
68,South,"{""[736,737)""}","{""[229,230)""}",677
68,South,"{""[516,517)""}","{""[160,161)""}",678
68,South,"{""[740,741)""}","{""[230,231)""}",679
68,South,"{""[638,639)""}","{""[198,199)""}",680
69,South,"{""[179,180)""}","{""[118,119)""}",681
69,South,"{""[252,253)""}","{""[166,167)""}",682
69,South,"{""[216,217)""}","{""[143,144)""}",683
69,South,"{""[238,239)""}","{""[157,158)""}",684
69,South,"{""[213,214)""}","{""[141,142)""}",685
69,South,"{""[161,162)""}","{""[106,107)""}",686
69,South,"{""[183,184)""}","{""[121,122)""}",687
69,South,"{""[184,185)""}","{""[122,123)""}",688
69,South,"{""[153,154)""}","{""[101,102)""}",689
69,South,"{""[199,200)""}","{""[132,133)""}",690
70,South,"{""[1398,1399)""}","{""[768,769)""}",691
70,South,"{""[2268,2269)""}","{""[1245,1246)""}",692
70,South,"{""[1930,1931)""}","{""[1060,1061)""}",693
70,South,"{""[1295,1296)""}","{""[711,712)""}",694
70,South,"{""[1841,1842)""}","{""[1011,1012)""}",695
70,South,"{""[1542,1543)""}","{""[846,847)""}",696
70,South,"{""[1434,1435)""}","{""[787,788)""}",697
70,South,"{""[1747,1748)""}","{""[959,960)""}",698
70,South,"{""[1950,1951)""}","{""[1071,1072)""}",699
70,South,"{""[1540,1541)""}","{""[846,847)""}",700
71,South,"{""[625,678)"",""[850,905)"",""[869,921)""}","{""[130,183)"",""[355,410)"",""[374,426)""}",701
71,South,"{""[571,631)"",""[678,745)"",""[747,790)""}","{""[102,162)"",""[209,276)"",""[278,321)""}",702
71,South,"{""[723,758)"",""[922,984)""}","{""[255,290)"",""[454,516)""}",703
71,South,"{""[1002,1024)"",""[1107,1179)"",""[1114,1168)""}","{""[292,314)"",""[397,469)"",""[404,458)""}",704
71,South,"{""[1012,1036)"",""[1266,1297)"",""[1299,1349)""}","{""[296,320)"",""[550,581)"",""[583,633)""}",705
71,South,"{""[1007,1045)"",""[1091,1167)"",""[1092,1114)""}","{""[263,301)"",""[347,423)"",""[348,370)""}",706
71,South,"{""[692,714)"",""[826,871)"",""[841,891)""}","{""[214,236)"",""[348,393)"",""[363,413)""}",707
71,South,"{""[1159,1201)"",""[1412,1435)""}","{""[399,441)"",""[652,675)""}",708
71,South,"{""[1223,1250)"",""[1272,1319)"",""[1288,1355)""}","{""[419,446)"",""[468,515)"",""[484,551)""}",709
71,South,"{""[987,1018)"",""[1068,1111)"",""[1068,1132)""}","{""[352,383)"",""[433,476)"",""[433,497)""}",710
72,South,"{""[686,2060)""}","{""[348,1046)""}",711
72,South,"{""[877,2633)"",""[2729,2773)""}","{""[445,1337)""}",712
72,South,"{""[802,2408)""}","{""[407,1222)""}",713
72,South,"{""[821,2464)""}","{""[416,1250)""}",714
72,South,"{""[886,2659)"",""[2751,2789)""}","{""[449,1349)""}",715
72,South,"{""[834,2503)""}","{""[423,1271)""}",716
72,South,"{""[1119,3358)""}","{""[568,1705)""}",717
72,South,"{""[1189,3569)""}","{""[603,1811)""}",718
72,South,"{""[1179,3539)"",""[3608,3658)""}","{""[598,1796)""}",719
72,South,"{""[864,2593)"",""[2834,2854)""}","{""[438,1316)""}",720
73,South,"{""[261,321)""}","{""[91,113)""}",721
73,South,"{""[227,279)""}","{""[80,98)""}",722
73,South,"{""[183,225)""}","{""[64,80)""}",723
73,South,"{""[198,244)""}","{""[70,86)""}",724
73,South,"{""[256,314)""}","{""[90,112)""}",725
73,South,"{""[216,266)""}","{""[76,94)""}",726
73,South,"{""[299,367)""}","{""[106,130)""}",727
73,South,"{""[170,208)""}","{""[59,73)""}",728
73,South,"{""[187,229)""}","{""[65,81)""}",729
73,South,"{""[229,281)""}","{""[81,100)""}",730
74,South,"{""[357,1073)""}","{""[160,481)""}",731
74,South,"{""[441,1324)""}","{""[197,593)""}",732
74,South,"{""[415,1247)"",""[1303,1324)""}","{""[186,559)""}",733
74,South,"{""[479,1438)""}","{""[214,644)""}",734
74,South,"{""[497,1492)""}","{""[222,668)""}",735
74,South,"{""[410,1232)""}","{""[184,553)""}",736
74,South,"{""[622,1867)""}","{""[279,838)""}",737
74,South,"{""[599,1798)""}","{""[268,806)""}",738
74,South,"{""[370,1112)"",""[1277,1298)""}","{""[166,499)""}",739
74,South,"{""[594,1783)""}","{""[266,799)""}",740
75,South,"{""[244,734)"",""[965,979)""}","{""[152,457)""}",741
75,South,"{""[195,586)""}","{""[121,365)""}",742
75,South,"{""[166,500)""}","{""[103,311)""}",743
75,South,"{""[213,640)"",""[734,767)""}","{""[132,398)""}",744
75,South,"{""[190,571)""}","{""[118,356)""}",745
75,South,"{""[155,467)""}","{""[96,290)""}",746
75,South,"{""[222,668)""}","{""[138,416)""}",747
75,South,"{""[195,587)""}","{""[121,365)""}",748
75,South,"{""[224,673)"",""[879,894)""}","{""[139,418)""}",749
75,South,"{""[140,421)""}","{""[87,262)""}",750
76,South,"{""[1420,1736)""}","{""[834,1020)""}",751
76,South,"{""[1419,1735)""}","{""[833,1019)""}",752
76,South,"{""[1567,1917)""}","{""[921,1127)""}",753
76,South,"{""[1163,1423)""}","{""[683,835)""}",754
76,South,"{""[1335,1633)""}","{""[784,960)""}",755
76,South,"{""[1116,1366)""}","{""[656,802)""}",756
76,South,"{""[1469,1797)""}","{""[863,1055)""}",757
76,South,"{""[1516,1854)""}","{""[891,1090)""}",758
76,South,"{""[1166,1426)""}","{""[684,838)""}",759
76,South,"{""[1797,2197)""}","{""[1055,1291)""}",760
77,South,"{""[1542,1543)""}","{""[856,857)""}",761
77,South,"{""[1033,1034)""}","{""[573,574)""}",762
77,South,"{""[1331,1332)""}","{""[739,740)""}",763
77,South,"{""[1622,1623)""}","{""[901,902)""}",764
77,South,"{""[1593,1594)""}","{""[884,885)""}",765
77,South,"{""[1343,1344)""}","{""[746,747)""}",766
77,South,"{""[1172,1173)""}","{""[651,652)""}",767
77,South,"{""[1059,1060)""}","{""[588,589)""}",768
77,South,"{""[1675,1676)""}","{""[930,931)""}",769
77,South,"{""[1110,1111)""}","{""[616,617)""}",770
78,South,"{""[471,1415)""}","{""[310,931)""}",771
78,South,"{""[803,2411)""}","{""[528,1586)""}",772
78,South,"{""[678,2035)"",""[2108,2150)""}","{""[446,1339)""}",773
78,South,"{""[684,2053)"",""[2251,2270)""}","{""[450,1351)""}",774
78,South,"{""[506,1520)"",""[1800,1848)""}","{""[333,1000)""}",775
78,South,"{""[569,1709)"",""[1769,1780)""}","{""[374,1124)""}",776
78,South,"{""[472,1417)"",""[1664,1710)""}","{""[310,932)""}",777
78,South,"{""[541,1625)""}","{""[356,1069)""}",778
78,South,"{""[658,1975)"",""[2032,2073)""}","{""[432,1298)""}",779
78,South,"{""[778,2335)"",""[2549,2578)""}","{""[511,1535)""}",780
79,South,"{""[660,1981)""}","{""[262,788)""}",781
79,South,"{""[442,1327)""}","{""[175,527)""}",782
79,South,"{""[572,1718)""}","{""[227,683)""}",783
79,South,"{""[488,1466)"",""[1596,1626)""}","{""[194,584)""}",784
79,South,"{""[678,2035)"",""[2334,2369)""}","{""[269,809)""}",785
79,South,"{""[462,1388)""}","{""[184,553)""}",786
79,South,"{""[616,1849)""}","{""[245,736)""}",787
79,South,"{""[582,1748)""}","{""[231,695)""}",788
79,South,"{""[504,1514)""}","{""[200,602)""}",789
79,South,"{""[519,1559)""}","{""[206,620)""}",790
80,South,"{""[906,2719)"",""[3008,3054)""}","{""[423,1270)""}",791
80,South,"{""[826,2480)""}","{""[386,1159)""}",792
80,South,"{""[580,1742)"",""[1911,1952)""}","{""[271,814)""}",793
80,South,"{""[896,2689)""}","{""[418,1256)""}",794
80,South,"{""[550,1651)""}","{""[257,772)""}",795
80,South,"{""[711,2134)""}","{""[332,997)""}",796
80,South,"{""[766,2300)""}","{""[358,1075)""}",797
80,South,"{""[634,1903)"",""[2168,2208)""}","{""[296,889)""}",798
80,South,"{""[636,1909)""}","{""[297,892)""}",799
80,South,"{""[558,1675)""}","{""[260,782)""}",800
81,Central,"{""[348,1046)""}","{""[205,617)""}",801
81,Central,"{""[270,812)"",""[954,999)""}","{""[159,479)""}",802
81,Central,"{""[323,971)""}","{""[190,572)""}",803
81,Central,"{""[359,1078)"",""[1339,1388)""}","{""[211,635)""}",804
81,Central,"{""[410,1232)""}","{""[242,727)""}",805
81,Central,"{""[476,1429)""}","{""[280,842)""}",806
81,Central,"{""[436,1309)""}","{""[257,772)""}",807
81,Central,"{""[468,1405)"",""[1505,1553)""}","{""[276,829)""}",808
81,Central,"{""[372,1118)"",""[1179,1191)""}","{""[219,659)""}",809
81,Central,"{""[289,869)""}","{""[170,512)""}",810
82,Central,"{""[1244,1245)""}","{""[631,632)""}",811
82,Central,"{""[1180,1181)""}","{""[599,600)""}",812
82,Central,"{""[1049,1050)""}","{""[532,533)""}",813
82,Central,"{""[1249,1250)""}","{""[634,635)""}",814
82,Central,"{""[933,934)""}","{""[473,474)""}",815
82,Central,"{""[1514,1515)""}","{""[768,769)""}",816
82,Central,"{""[1338,1339)""}","{""[679,680)""}",817
82,Central,"{""[1029,1030)""}","{""[522,523)""}",818
82,Central,"{""[1055,1056)""}","{""[535,536)""}",819
82,Central,"{""[1400,1401)""}","{""[711,712)""}",820
83,Central,"{""[1021,1249)""}","{""[505,619)""}",821
83,Central,"{""[1380,1688)""}","{""[684,837)""}",822
83,Central,"{""[1069,1307)""}","{""[529,647)""}",823
83,Central,"{""[1281,1567)""}","{""[634,776)""}",824
83,Central,"{""[1494,1828)""}","{""[739,905)""}",825
83,Central,"{""[1218,1490)""}","{""[603,739)""}",826
83,Central,"{""[1367,1671)""}","{""[676,828)""}",827
83,Central,"{""[1317,1611)""}","{""[652,798)""}",828
83,Central,"{""[1291,1579)""}","{""[639,783)""}",829
83,Central,"{""[830,1016)""}","{""[411,503)""}",830
84,Central,"{""[1467,1517)"",""[1538,1561)""}","{""[653,703)"",""[724,747)""}",831
84,Central,"{""[755,811)"",""[814,886)"",""[1087,1122)""}","{""[197,253)"",""[256,328)"",""[529,564)""}",832
84,Central,"{""[1382,1403)"",""[1510,1550)""}","{""[499,520)"",""[627,667)""}",833
84,Central,"{""[1123,1175)"",""[1266,1299)"",""[1309,1368)""}","{""[461,513)"",""[604,637)"",""[647,706)""}",834
84,Central,"{""[1531,1564)"",""[1627,1655)""}","{""[659,692)"",""[755,783)""}",835
84,Central,"{""[1173,1204)"",""[1248,1326)"",""[1282,1326)""}","{""[452,483)"",""[527,605)"",""[561,605)""}",836
84,Central,"{""[1323,1394)"",""[1340,1409)"",""[1363,1426)""}","{""[613,684)"",""[630,699)"",""[653,716)""}",837
84,Central,"{""[1204,1239)"",""[1248,1303)"",""[1258,1292)""}","{""[428,463)"",""[472,527)"",""[482,516)""}",838
84,Central,"{""[1634,1699)"",""[1641,1674)"",""[1675,1713)""}","{""[753,818)"",""[760,793)"",""[794,832)""}",839
84,Central,"{""[1110,1137)"",""[1141,1196)"",""[1332,1369)""}","{""[418,445)"",""[449,504)"",""[640,677)""}",840
85,Central,"{""[1530,1871)""}","{""[873,1068)""}",841
85,Central,"{""[1158,1416)""}","{""[660,808)""}",842
85,Central,"{""[1121,1371)""}","{""[639,783)""}",843
85,Central,"{""[1439,1759)""}","{""[820,1004)""}",844
85,Central,"{""[973,1191)""}","{""[555,679)""}",845
85,Central,"{""[896,1096)""}","{""[511,625)""}",846
85,Central,"{""[1574,1924)""}","{""[898,1098)""}",847
85,Central,"{""[923,1129)""}","{""[526,644)""}",848
85,Central,"{""[1550,1896)""}","{""[884,1082)""}",849
85,Central,"{""[1351,1653)""}","{""[771,943)""}",850
86,Central,"{""[2070,2071)""}","{""[1017,1018)""}",851
86,Central,"{""[1492,1493)""}","{""[733,734)""}",852
86,Central,"{""[1794,1795)""}","{""[881,882)""}",853
86,Central,"{""[1492,1493)""}","{""[733,734)""}",854
86,Central,"{""[1324,1325)""}","{""[650,651)""}",855
86,Central,"{""[1980,1981)""}","{""[972,973)""}",856
86,Central,"{""[1459,1460)""}","{""[717,718)""}",857
86,Central,"{""[1263,1264)""}","{""[620,621)""}",858
86,Central,"{""[2150,2151)""}","{""[1056,1057)""}",859
86,Central,"{""[1445,1446)""}","{""[710,711)""}",860
87,Central,"{""[546,668)""}","{""[174,214)""}",861
87,Central,"{""[597,731)""}","{""[190,234)""}",862
87,Central,"{""[674,824)""}","{""[215,263)""}",863
87,Central,"{""[475,581)""}","{""[152,186)""}",864
87,Central,"{""[777,951)""}","{""[248,304)""}",865
87,Central,"{""[782,956)""}","{""[249,305)""}",866
87,Central,"{""[483,591)""}","{""[153,189)""}",867
87,Central,"{""[664,812)""}","{""[211,259)""}",868
87,Central,"{""[747,914)""}","{""[238,292)""}",869
87,Central,"{""[599,733)""}","{""[190,234)""}",870
88,Central,"{""[1367,1368)""}","{""[518,519)""}",871
88,Central,"{""[1666,1667)""}","{""[631,632)""}",872
88,Central,"{""[1906,1907)""}","{""[723,724)""}",873
88,Central,"{""[1154,1155)""}","{""[437,438)""}",874
88,Central,"{""[1600,1601)""}","{""[606,607)""}",875
88,Central,"{""[1564,1565)""}","{""[593,594)""}",876
88,Central,"{""[1737,1738)""}","{""[658,659)""}",877
88,Central,"{""[1933,1934)""}","{""[733,734)""}",878
88,Central,"{""[1911,1912)""}","{""[725,726)""}",879
88,Central,"{""[1233,1234)""}","{""[467,468)""}",880
89,Central,"{""[2486,2487)""}","{""[920,921)""}",881
89,Central,"{""[1796,1797)""}","{""[665,666)""}",882
89,Central,"{""[1909,1910)""}","{""[707,708)""}",883
89,Central,"{""[2416,2417)""}","{""[894,895)""}",884
89,Central,"{""[2445,2446)""}","{""[905,906)""}",885
89,Central,"{""[2404,2405)""}","{""[890,891)""}",886
89,Central,"{""[2347,2348)""}","{""[869,870)""}",887
89,Central,"{""[1351,1352)""}","{""[500,501)""}",888
89,Central,"{""[1993,1994)""}","{""[737,738)""}",889
89,Central,"{""[1463,1464)""}","{""[541,542)""}",890
90,Central,"{""[777,851)"",""[848,880)"",""[967,1016)""}","{""[243,317)"",""[314,346)"",""[433,482)""}",891
90,Central,"{""[933,999)"",""[981,1046)"",""[1084,1145)""}","{""[316,382)"",""[364,429)"",""[467,528)""}",892
90,Central,"{""[617,648)"",""[670,726)"",""[864,932)""}","{""[195,226)"",""[248,304)"",""[442,510)""}",893
90,Central,"{""[911,936)"",""[949,1011)"",""[962,1014)""}","{""[357,382)"",""[395,457)"",""[408,460)""}",894
90,Central,"{""[597,617)"",""[714,754)""}","{""[204,224)"",""[321,361)""}",895
90,Central,"{""[694,735)"",""[786,854)""}","{""[249,290)"",""[341,409)""}",896
90,Central,"{""[713,774)"",""[764,828)""}","{""[255,316)"",""[306,370)""}",897
90,Central,"{""[626,671)"",""[783,822)""}","{""[189,234)"",""[346,385)""}",898
90,Central,"{""[935,978)"",""[1111,1189)"",""[1137,1164)""}","{""[357,400)"",""[533,611)"",""[559,586)""}",899
90,Central,"{""[814,864)"",""[824,873)""}","{""[259,309)"",""[269,318)""}",900
91,Central,"{""[1643,1644)""}","{""[1142,1143)""}",901
91,Central,"{""[1782,1783)""}","{""[1238,1239)""}",902
91,Central,"{""[1700,1701)""}","{""[1181,1182)""}",903
91,Central,"{""[1769,1770)""}","{""[1230,1231)""}",904
91,Central,"{""[1901,1902)""}","{""[1321,1322)""}",905
91,Central,"{""[1438,1439)""}","{""[999,1000)""}",906
91,Central,"{""[1468,1469)""}","{""[1020,1021)""}",907
91,Central,"{""[1995,1996)""}","{""[1386,1387)""}",908
91,Central,"{""[2118,2119)""}","{""[1472,1473)""}",909
91,Central,"{""[1296,1297)""}","{""[901,902)""}",910
92,Central,"{""[832,833)""}","{""[424,425)""}",911
92,Central,"{""[1156,1157)""}","{""[590,591)""}",912
92,Central,"{""[821,822)""}","{""[419,420)""}",913
92,Central,"{""[1145,1146)""}","{""[585,586)""}",914
92,Central,"{""[1117,1118)""}","{""[570,571)""}",915
92,Central,"{""[1162,1163)""}","{""[593,594)""}",916
92,Central,"{""[879,880)""}","{""[449,450)""}",917
92,Central,"{""[999,1000)""}","{""[510,511)""}",918
92,Central,"{""[1127,1128)""}","{""[575,576)""}",919
92,Central,"{""[857,858)""}","{""[437,438)""}",920
93,Central,"{""[420,514)""}","{""[245,301)""}",921
93,Central,"{""[560,686)""}","{""[328,402)""}",922
93,Central,"{""[660,808)""}","{""[387,474)""}",923
93,Central,"{""[541,663)""}","{""[316,388)""}",924
93,Central,"{""[561,687)""}","{""[328,402)""}",925
93,Central,"{""[542,664)""}","{""[317,389)""}",926
93,Central,"{""[409,501)""}","{""[239,293)""}",927
93,Central,"{""[545,667)""}","{""[318,390)""}",928
93,Central,"{""[660,808)""}","{""[386,472)""}",929
93,Central,"{""[632,774)""}","{""[369,453)""}",930
94,Central,"{""[1158,1159)""}","{""[464,465)""}",931
94,Central,"{""[1057,1058)""}","{""[424,425)""}",932
94,Central,"{""[734,735)""}","{""[294,295)""}",933
94,Central,"{""[915,916)""}","{""[367,368)""}",934
94,Central,"{""[745,746)""}","{""[298,299)""}",935
94,Central,"{""[1309,1310)""}","{""[525,526)""}",936
94,Central,"{""[1273,1274)""}","{""[510,511)""}",937
94,Central,"{""[748,749)""}","{""[300,301)""}",938
94,Central,"{""[1272,1273)""}","{""[510,511)""}",939
94,Central,"{""[726,727)""}","{""[291,292)""}",940
95,Central,"{""[1202,1203)""}","{""[446,447)""}",941
95,Central,"{""[1334,1335)""}","{""[495,496)""}",942
95,Central,"{""[1127,1128)""}","{""[418,419)""}",943
95,Central,"{""[987,988)""}","{""[366,367)""}",944
95,Central,"{""[1343,1344)""}","{""[498,499)""}",945
95,Central,"{""[963,964)""}","{""[357,358)""}",946
95,Central,"{""[1266,1267)""}","{""[470,471)""}",947
95,Central,"{""[1290,1291)""}","{""[478,479)""}",948
95,Central,"{""[959,960)""}","{""[356,357)""}",949
95,Central,"{""[1150,1151)""}","{""[427,428)""}",950
96,Central,"{""[1698,1699)""}","{""[1103,1104)""}",951
96,Central,"{""[1412,1413)""}","{""[917,918)""}",952
96,Central,"{""[1255,1256)""}","{""[815,816)""}",953
96,Central,"{""[1589,1590)""}","{""[1032,1033)""}",954
96,Central,"{""[1581,1582)""}","{""[1027,1028)""}",955
96,Central,"{""[1767,1768)""}","{""[1148,1149)""}",956
96,Central,"{""[1296,1297)""}","{""[841,842)""}",957
96,Central,"{""[1091,1092)""}","{""[709,710)""}",958
96,Central,"{""[1109,1110)""}","{""[720,721)""}",959
96,Central,"{""[1366,1367)""}","{""[887,888)""}",960
97,Central,"{""[1448,1770)""}","{""[849,1039)""}",961
97,Central,"{""[1696,2074)""}","{""[995,1217)""}",962
97,Central,"{""[1205,1473)""}","{""[707,865)""}",963
97,Central,"{""[1289,1577)""}","{""[756,926)""}",964
97,Central,"{""[1229,1503)""}","{""[721,883)""}",965
97,Central,"{""[1793,2193)""}","{""[1053,1288)""}",966
97,Central,"{""[1612,1972)""}","{""[946,1158)""}",967
97,Central,"{""[1090,1334)""}","{""[639,783)""}",968
97,Central,"{""[1684,2060)""}","{""[989,1209)""}",969
97,Central,"{""[1351,1653)""}","{""[793,971)""}",970
98,Central,"{""[1492,1493)""}","{""[1006,1007)""}",971
98,Central,"{""[1308,1309)""}","{""[882,883)""}",972
98,Central,"{""[1867,1868)""}","{""[1259,1260)""}",973
98,Central,"{""[1711,1712)""}","{""[1153,1154)""}",974
98,Central,"{""[1950,1951)""}","{""[1315,1316)""}",975
98,Central,"{""[2162,2163)""}","{""[1458,1459)""}",976
98,Central,"{""[1497,1498)""}","{""[1009,1010)""}",977
98,Central,"{""[1284,1285)""}","{""[866,867)""}",978
98,Central,"{""[1703,1704)""}","{""[1148,1149)""}",979
98,Central,"{""[1810,1811)""}","{""[1220,1221)""}",980
99,Central,"{""[1367,1368)""}","{""[882,883)""}",981
99,Central,"{""[2260,2261)""}","{""[1458,1459)""}",982
99,Central,"{""[1465,1466)""}","{""[945,946)""}",983
99,Central,"{""[2179,2180)""}","{""[1406,1407)""}",984
99,Central,"{""[1823,1824)""}","{""[1176,1177)""}",985
99,Central,"{""[1825,1826)""}","{""[1177,1178)""}",986
99,Central,"{""[2029,2030)""}","{""[1308,1309)""}",987
99,Central,"{""[2077,2078)""}","{""[1339,1340)""}",988
99,Central,"{""[1468,1469)""}","{""[947,948)""}",989
99,Central,"{""[2137,2138)""}","{""[1378,1379)""}",990
100,Central,"{""[1229,1503)""}","{""[624,764)""}",991
100,Central,"{""[1028,1258)""}","{""[522,640)""}",992
100,Central,"{""[1772,2166)""}","{""[900,1102)""}",993
100,Central,"{""[1714,2096)""}","{""[871,1065)""}",994
100,Central,"{""[1741,2129)""}","{""[884,1082)""}",995
100,Central,"{""[1502,1836)""}","{""[763,933)""}",996
100,Central,"{""[1335,1633)""}","{""[678,830)""}",997
100,Central,"{""[1392,1702)""}","{""[707,865)""}",998
100,Central,"{""[1791,2191)""}","{""[910,1114)""}",999
100,Central,"{""[1766,2160)""}","{""[898,1098)""}",1000
